id,first_name,last_name,email,gender,ip_address
1,Todd,Kelly,tkelly0@boston.com,Male,246.76.226.88
2,Victor,White,vwhite1@slate.com,Male,220.14.177.36
3,Keith,Holmes,kholmes2@unicef.org,Male,78.98.35.4
4,Craig,Meyer,cmeyer3@people.com.cn,Male,27.232.144.22
5,Henry,Williamson,hwilliamson4@goo.ne.jp,Male,15.121.51.232
6,Brenda,Wood,bwood5@cyberchimps.com,Female,230.129.165.36
7,Joyce,Morris,jmorris6@xinhuanet.com,Female,75.70.14.77
8,Beverly,Arnold,barnold7@army.mil,Female,223.105.53.252
9,Keith,Day,kday8@nasa.gov,Male,173.82.68.159
10,Antonio,Olson,aolson9@illinois.edu,Male,74.6.186.33
11,Beverly,Wagner,bwagnera@123-reg.co.uk,Female,233.126.194.225
12,Henry,Wagner,hwagnerb@microsoft.com,Male,0.176.60.105
13,Bobby,Riley,brileyc@ameblo.jp,Male,184.160.167.117
14,Joe,Hughes,jhughesd@reverbnation.com,Male,252.216.220.39
15,Emily,Medina,emedinae@nasa.gov,Female,3.144.184.39
16,Bonnie,Lawson,blawsonf@google.ru,Female,248.234.222.4
17,Bonnie,Kelley,bkelleyg@fotki.com,Female,41.2.158.51
18,Gerald,Morgan,gmorganh@tripadvisor.com,Male,22.56.169.132
19,Laura,Ellis,lellisi@ucsd.edu,Female,86.63.62.125
20,Alice,Cooper,acooperj@marriott.com,Female,216.76.42.87
21,Jane,Mendoza,jmendozak@latimes.com,Female,181.240.245.214
22,Billy,Palmer,bpalmerl@jiathis.com,Male,193.128.202.59
23,Gregory,Williams,gwilliamsm@ezinearticles.com,Male,216.69.75.181
24,Julia,Simpson,jsimpsonn@tripadvisor.com,Female,136.187.168.160
25,Rachel,Richardson,rrichardsono@miibeian.gov.cn,Female,253.89.52.79
26,Harry,Fisher,hfisherp@ucla.edu,Male,71.124.62.149
27,Randy,Austin,raustinq@nyu.edu,Male,88.120.93.198
28,Mildred,Baker,mbakerr@cnet.com,Female,100.150.223.184
29,Linda,Franklin,lfranklins@ow.ly,Female,249.67.163.40
30,Randy,Weaver,rweavert@sun.com,Male,136.173.77.208
31,Harry,George,hgeorgeu@woothemes.com,Male,45.209.105.138
32,Peter,Hall,phallv@go.com,Male,205.76.115.10
33,Jesse,Hughes,jhughesw@naver.com,Male,24.136.25.181
34,Aaron,Cooper,acooperx@yellowpages.com,Male,18.3.113.179
35,Wayne,Jackson,wjacksony@adobe.com,Male,0.238.18.100
36,Jimmy,Garrett,jgarrettz@hexun.com,Male,36.217.107.202
37,Carlos,Freeman,cfreeman10@linkedin.com,Male,242.47.130.6
38,Sarah,Olson,solson11@cbc.ca,Female,31.95.215.40
39,Jean,Hughes,jhughes12@bing.com,Female,205.176.143.94
40,Andrew,Murphy,amurphy13@nationalgeographic.com,Male,92.191.158.146
41,Kevin,Kelley,kkelley14@hud.gov,Male,206.110.87.95
42,Sandra,Harvey,sharvey15@google.ru,Female,57.73.122.88
43,Anna,Spencer,aspencer16@nytimes.com,Female,4.95.140.195
44,Dennis,Reid,dreid17@altervista.org,Male,208.178.106.247
45,Nicole,Russell,nrussell18@huffingtonpost.com,Female,61.245.136.170
46,Dennis,Cooper,dcooper19@merriam-webster.com,Male,201.223.108.203
47,George,Kelley,gkelley1a@purevolume.com,Male,93.1.181.241
48,Gerald,Berry,gberry1b@360.cn,Male,249.248.89.241
49,Angela,Marshall,amarshall1c@dmoz.org,Female,82.251.15.174
50,Gloria,Jackson,gjackson1d@nyu.edu,Female,48.111.0.117
51,Harry,Bradley,hbradley1e@moonfruit.com,Male,195.117.17.121
52,Ralph,Hunt,rhunt1f@telegraph.co.uk,Male,71.185.10.226
53,Christine,Gardner,cgardner1g@webs.com,Female,111.18.180.79
54,Wanda,Hudson,whudson1h@usatoday.com,Female,37.119.39.184
55,Judith,Moreno,jmoreno1i@hexun.com,Female,219.115.49.179
56,Frank,Ortiz,fortiz1j@bloglovin.com,Male,86.255.90.37
57,Catherine,Larson,clarson1k@oakley.com,Female,88.98.22.99
58,Anna,Weaver,aweaver1l@unicef.org,Female,228.55.120.242
59,Roger,Parker,rparker1m@feedburner.com,Male,170.205.117.48
60,Denise,Wheeler,dwheeler1n@meetup.com,Female,10.177.68.160
61,Chris,Cox,ccox1o@joomla.org,Male,80.150.182.193
62,Doris,Nguyen,dnguyen1p@wiley.com,Female,75.14.8.93
63,Bobby,Kelley,bkelley1q@nymag.com,Male,97.72.210.127
64,Donald,Fields,dfields1r@alexa.com,Male,202.122.239.47
65,Kenneth,Williamson,kwilliamson1s@wordpress.org,Male,37.183.0.167
66,Sarah,Matthews,smatthews1t@xrea.com,Female,211.122.74.48
67,Bonnie,Daniels,bdaniels1u@reference.com,Female,241.26.69.237
68,Aaron,Robinson,arobinson1v@timesonline.co.uk,Male,169.96.76.32
69,Nicholas,Thompson,nthompson1w@flavors.me,Male,86.187.248.54
70,Howard,Baker,hbaker1x@odnoklassniki.ru,Male,204.28.224.89
71,Teresa,Kelley,tkelley1y@opera.com,Female,107.185.85.226
72,Marilyn,Crawford,mcrawford1z@cbc.ca,Female,39.213.181.136
73,Howard,Lawrence,hlawrence20@sakura.ne.jp,Male,8.163.27.52
74,Anthony,Mason,amason21@walmart.com,Male,14.244.69.200
75,Angela,Perez,aperez22@epa.gov,Female,86.241.59.82
76,Daniel,Burton,dburton23@webmd.com,Male,252.208.23.104
77,Diana,Scott,dscott24@irs.gov,Female,201.218.163.125
78,Alan,Nelson,anelson25@google.es,Male,154.65.16.78
79,George,Reed,greed26@constantcontact.com,Male,120.235.2.253
80,Sharon,Thompson,sthompson27@lycos.com,Female,202.226.157.172
81,Carolyn,Jones,cjones28@hostgator.com,Female,112.117.161.235
82,Mildred,Ryan,mryan29@mayoclinic.com,Female,151.146.127.140
83,Rose,Chapman,rchapman2a@examiner.com,Female,217.136.195.212
84,Lois,Ross,lross2b@usatoday.com,Female,25.81.172.163
85,Harold,Rogers,hrogers2c@vistaprint.com,Male,115.17.190.199
86,Larry,Fuller,lfuller2d@wordpress.com,Male,10.235.247.229
87,Theresa,Reid,treid2e@amazon.co.jp,Female,206.151.179.68
88,Randy,Palmer,rpalmer2f@nasa.gov,Male,226.183.170.3
89,Joseph,Flores,jflores2g@goo.gl,Male,173.150.65.157
90,Frank,Powell,fpowell2h@gnu.org,Male,195.203.210.139
91,Thomas,Jordan,tjordan2i@sina.com.cn,Male,34.105.33.10
92,Jesse,Welch,jwelch2j@dyndns.org,Male,64.48.175.120
93,Gregory,Freeman,gfreeman2k@digg.com,Male,229.209.149.17
94,Harold,Alexander,halexander2l@cnbc.com,Male,126.120.135.230
95,Ryan,Coleman,rcoleman2m@cisco.com,Male,213.232.35.66
96,Irene,Morales,imorales2n@hexun.com,Female,120.119.105.29
97,Howard,King,hking2o@blog.com,Male,97.29.171.123
98,Lisa,Hunt,lhunt2p@g.co,Female,23.56.49.29
99,Cheryl,Nichols,cnichols2q@deviantart.com,Female,5.111.98.240
100,Tina,Bryant,tbryant2r@eventbrite.com,Female,197.211.50.49
101,Rose,Rogers,rrogers2s@xing.com,Female,30.198.152.22
102,Victor,Henry,vhenry2t@pagesperso-orange.fr,Male,17.77.253.26
103,Juan,Dunn,jdunn2u@spotify.com,Male,237.4.40.62
104,Annie,Hunter,ahunter2v@xinhuanet.com,Female,183.241.0.229
105,Jeremy,Gordon,jgordon2w@clickbank.net,Male,138.239.120.144
106,Brandon,Ruiz,bruiz2x@virginia.edu,Male,201.237.20.212
107,Dorothy,Anderson,danderson2y@pbs.org,Female,107.102.232.108
108,Christine,Cook,ccook2z@example.com,Female,228.168.86.4
109,Louis,Mcdonald,lmcdonald30@wikispaces.com,Male,102.22.124.253
110,Clarence,Henderson,chenderson31@merriam-webster.com,Male,44.19.121.45
111,Heather,Day,hday32@cmu.edu,Female,172.90.221.152
112,Gregory,Rivera,grivera33@google.de,Male,82.0.164.35
113,Clarence,Carr,ccarr34@elegantthemes.com,Male,254.223.247.64
114,Annie,Tucker,atucker35@feedburner.com,Female,221.212.20.165
115,Jesse,Holmes,jholmes36@vinaora.com,Male,224.122.179.90
116,Shirley,Perkins,sperkins37@friendfeed.com,Female,132.204.93.220
117,Amanda,Carter,acarter38@macromedia.com,Female,72.187.121.252
118,Heather,George,hgeorge39@sbwire.com,Female,197.235.54.32
119,Christine,Evans,cevans3a@china.com.cn,Female,184.253.142.199
120,Marie,Anderson,manderson3b@people.com.cn,Female,137.29.193.140
121,Phillip,Walker,pwalker3c@mozilla.com,Male,117.199.154.169
122,Debra,Harris,dharris3d@wunderground.com,Female,168.29.229.151
123,Christina,Martin,cmartin3e@irs.gov,Female,158.117.41.9
124,Lori,Rodriguez,lrodriguez3f@ow.ly,Female,27.153.237.248
125,Christine,Morales,cmorales3g@istockphoto.com,Female,3.212.25.83
126,Sara,Woods,swoods3h@pen.io,Female,91.208.162.29
127,Christina,Henry,chenry3i@homestead.com,Female,220.213.174.114
128,Donna,Walker,dwalker3j@discovery.com,Female,170.148.11.139
129,Craig,Mitchell,cmitchell3k@phoca.cz,Male,166.164.150.32
130,Louis,Mitchell,lmitchell3l@thetimes.co.uk,Male,98.139.99.178
131,Elizabeth,Tucker,etucker3m@e-recht24.de,Female,220.73.9.26
132,Cynthia,Young,cyoung3n@google.com.br,Female,108.175.180.228
133,Arthur,Evans,aevans3o@themeforest.net,Male,168.201.145.212
134,Andrew,Williams,awilliams3p@a8.net,Male,135.30.122.69
135,Andrea,Bailey,abailey3q@multiply.com,Female,163.186.66.84
136,Cynthia,Fernandez,cfernandez3r@nbcnews.com,Female,26.53.245.6
137,Ruby,Austin,raustin3s@google.ru,Female,175.144.53.114
138,Jeremy,Holmes,jholmes3t@gravatar.com,Male,219.238.131.131
139,Louise,Stone,lstone3u@t.co,Female,169.105.125.57
140,Beverly,Hall,bhall3v@blog.com,Female,7.238.235.196
141,Doris,Scott,dscott3w@over-blog.com,Female,168.231.63.151
142,Mark,Palmer,mpalmer3x@cbsnews.com,Male,68.37.230.169
143,Joan,Shaw,jshaw3y@adobe.com,Female,22.154.137.95
144,Helen,Ortiz,hortiz3z@answers.com,Female,122.167.182.84
145,Frank,Johnston,fjohnston40@issuu.com,Male,150.27.49.175
146,Jennifer,Elliott,jelliott41@jiathis.com,Female,115.1.63.9
147,Joseph,Johnson,jjohnson42@microsoft.com,Male,16.250.196.96
148,Teresa,Perez,tperez43@ox.ac.uk,Female,169.3.129.174
149,Billy,Kim,bkim44@so-net.ne.jp,Male,193.239.79.243
150,Raymond,Nguyen,rnguyen45@state.tx.us,Male,89.76.140.186
151,Diana,Shaw,dshaw46@seesaa.net,Female,250.21.75.58
152,Tina,Reyes,treyes47@networkadvertising.org,Female,43.68.108.185
153,Jose,Dean,jdean48@chicagotribune.com,Male,31.91.129.255
154,Roy,Howell,rhowell49@newyorker.com,Male,29.174.176.173
155,Steve,White,swhite4a@auda.org.au,Male,159.207.8.225
156,Kathleen,Robertson,krobertson4b@comsenz.com,Female,12.22.56.67
157,Anthony,Hunter,ahunter4c@wordpress.org,Male,104.91.189.121
158,Beverly,Hamilton,bhamilton4d@gmpg.org,Female,206.81.65.248
159,Phillip,Cruz,pcruz4e@creativecommons.org,Male,174.125.86.190
160,Beverly,Brooks,bbrooks4f@bbc.co.uk,Female,63.13.41.135
161,Patrick,Franklin,pfranklin4g@huffingtonpost.com,Male,122.46.179.129
162,Gary,Mendoza,gmendoza4h@shareasale.com,Male,5.165.46.103
163,Phyllis,Gonzalez,pgonzalez4i@blogspot.com,Female,195.42.54.12
164,Peter,Snyder,psnyder4j@senate.gov,Male,224.133.43.8
165,Emily,Perez,eperez4k@amazon.co.jp,Female,25.154.202.186
166,Victor,Carroll,vcarroll4l@vistaprint.com,Male,54.203.120.30
167,Rose,Fisher,rfisher4m@blogspot.com,Female,119.123.240.31
168,Doris,Spencer,dspencer4n@github.io,Female,101.85.35.209
169,Gary,Green,ggreen4o@skyrock.com,Male,45.158.211.160
170,Gloria,Mcdonald,gmcdonald4p@wisc.edu,Female,61.52.145.169
171,Larry,Holmes,lholmes4q@microsoft.com,Male,8.149.64.255
172,Theresa,Kelley,tkelley4r@newyorker.com,Female,42.155.188.60
173,Brenda,Moreno,bmoreno4s@reddit.com,Female,156.231.122.106
174,Michelle,Pierce,mpierce4t@un.org,Female,23.192.27.181
175,Janice,Chavez,jchavez4u@scribd.com,Female,202.247.133.211
176,Rose,Watkins,rwatkins4v@hc360.com,Female,26.164.229.141
177,William,Hunt,whunt4w@dagondesign.com,Male,75.40.189.53
178,Patricia,Alexander,palexander4x@blogs.com,Female,136.196.30.155
179,Kelly,Hart,khart4y@drupal.org,Female,169.187.42.4
180,Jonathan,Ellis,jellis4z@acquirethisname.com,Male,255.39.104.36
181,Todd,Mccoy,tmccoy50@goodreads.com,Male,223.246.142.42
182,Louis,Willis,lwillis51@jigsy.com,Male,231.103.226.158
183,George,Hughes,ghughes52@hp.com,Male,205.237.66.137
184,Terry,Martin,tmartin53@home.pl,Male,41.196.17.214
185,Mary,Freeman,mfreeman54@cornell.edu,Female,241.151.45.70
186,Bruce,Fernandez,bfernandez55@craigslist.org,Male,232.205.49.215
187,Victor,Taylor,vtaylor56@sina.com.cn,Male,253.47.139.107
188,Nicholas,Baker,nbaker57@netscape.com,Male,183.196.161.6
189,Janice,Hanson,jhanson58@auda.org.au,Female,185.101.118.198
190,Phillip,Rose,prose59@symantec.com,Male,92.170.49.140
191,Lois,Henderson,lhenderson5a@sourceforge.net,Female,18.64.169.221
192,Lois,Garcia,lgarcia5b@about.com,Female,88.217.147.187
193,Brandon,Cole,bcole5c@huffingtonpost.com,Male,0.67.124.1
194,Karen,Harrison,kharrison5d@china.com.cn,Female,60.254.30.54
195,Wayne,Morales,wmorales5e@devhub.com,Male,223.79.208.48
196,Adam,Young,ayoung5f@scientificamerican.com,Male,24.80.44.229
197,Andrew,Morgan,amorgan5g@domainmarket.com,Male,47.147.232.153
198,Gerald,Gutierrez,ggutierrez5h@businesswire.com,Male,101.183.88.92
199,Ernest,Watkins,ewatkins5i@google.ca,Male,218.15.217.151
200,Sandra,Marshall,smarshall5j@dell.com,Female,142.36.124.87
201,Gerald,Bishop,gbishop5k@spotify.com,Male,65.147.97.175
202,Ronald,West,rwest5l@youtube.com,Male,56.59.255.212
203,Andrew,Cruz,acruz5m@woothemes.com,Male,62.168.126.115
204,David,Spencer,dspencer5n@usa.gov,Male,66.65.119.63
205,Pamela,Brown,pbrown5o@sciencedirect.com,Female,117.107.228.26
206,Sandra,Hunt,shunt5p@shinystat.com,Female,220.63.4.87
207,Ernest,Jacobs,ejacobs5q@dmoz.org,Male,55.232.23.175
208,Wanda,Schmidt,wschmidt5r@psu.edu,Female,90.32.117.236
209,Cheryl,Roberts,croberts5s@icq.com,Female,74.188.67.151
210,William,Wells,wwells5t@icq.com,Male,155.187.105.186
211,Mildred,Jacobs,mjacobs5u@nba.com,Female,140.131.22.19
212,Lois,Fields,lfields5v@cisco.com,Female,24.222.138.247
213,Dennis,Richardson,drichardson5w@youku.com,Male,46.47.135.246
214,Kevin,Long,klong5x@ted.com,Male,212.147.249.242
215,Todd,Perez,tperez5y@mapy.cz,Male,117.224.24.159
216,Douglas,Dunn,ddunn5z@infoseek.co.jp,Male,157.242.102.215
217,Willie,Murphy,wmurphy60@princeton.edu,Male,128.179.109.194
218,Gary,Ryan,gryan61@dagondesign.com,Male,147.72.65.37
219,Lisa,Montgomery,lmontgomery62@patch.com,Female,135.121.55.207
220,Amanda,Flores,aflores63@wix.com,Female,141.142.10.41
221,Linda,Jackson,ljackson64@nih.gov,Female,135.79.69.180
222,Christopher,Garrett,cgarrett65@php.net,Male,50.69.104.118
223,Kathy,Bowman,kbowman66@hugedomains.com,Female,41.176.4.78
224,Jerry,Franklin,jfranklin67@sfgate.com,Male,160.78.167.110
225,Sharon,Burke,sburke68@biglobe.ne.jp,Female,143.255.228.42
226,Phillip,Elliott,pelliott69@geocities.com,Male,154.252.108.168
227,Terry,Alvarez,talvarez6a@tinyurl.com,Male,101.25.33.155
228,Sandra,White,swhite6b@stumbleupon.com,Female,211.52.139.145
229,Teresa,Lawson,tlawson6c@rediff.com,Female,22.171.214.121
230,George,Ramos,gramos6d@google.co.uk,Male,8.68.206.232
231,Jerry,Gilbert,jgilbert6e@webeden.co.uk,Male,220.182.30.205
232,John,Berry,jberry6f@hc360.com,Male,207.159.109.183
233,Kimberly,Matthews,kmatthews6g@gov.uk,Female,169.174.67.248
234,Peter,Wagner,pwagner6h@google.cn,Male,30.1.28.120
235,Fred,Hall,fhall6i@tamu.edu,Male,64.30.229.157
236,Walter,Johnson,wjohnson6j@biglobe.ne.jp,Male,25.100.75.162
237,Peter,Adams,padams6k@wufoo.com,Male,134.173.82.1
238,Steve,Hamilton,shamilton6l@discuz.net,Male,186.222.3.89
239,Gerald,Diaz,gdiaz6m@tripod.com,Male,201.3.131.230
240,Carlos,Jacobs,cjacobs6n@whitehouse.gov,Male,201.229.184.196
241,Stephanie,Rivera,srivera6o@technorati.com,Female,62.104.119.126
242,Emily,Wheeler,ewheeler6p@oaic.gov.au,Female,157.250.167.243
243,Helen,Taylor,htaylor6q@multiply.com,Female,40.6.66.31
244,Christopher,Wood,cwood6r@wiley.com,Male,27.198.226.234
245,Margaret,Howard,mhoward6s@stumbleupon.com,Female,232.0.39.141
246,Jimmy,Pierce,jpierce6t@howstuffworks.com,Male,4.244.166.235
247,Judy,Ward,jward6u@unicef.org,Female,203.136.167.198
248,Lillian,Ryan,lryan6v@taobao.com,Female,18.112.12.10
249,Anne,Patterson,apatterson6w@storify.com,Female,11.50.62.135
250,Frank,Ryan,fryan6x@trellian.com,Male,48.27.236.1
251,Ernest,Baker,ebaker6y@kickstarter.com,Male,166.226.130.66
252,Larry,Carter,lcarter6z@wiley.com,Male,197.233.82.178
253,Frank,Woods,fwoods70@bigcartel.com,Male,163.195.128.153
254,Joyce,Murray,jmurray71@geocities.jp,Female,47.201.135.196
255,Brenda,Patterson,bpatterson72@4shared.com,Female,158.97.129.147
256,Julie,Foster,jfoster73@uiuc.edu,Female,9.227.93.240
257,Martha,Hart,mhart74@hc360.com,Female,106.111.5.60
258,Arthur,Jones,ajones75@zdnet.com,Male,53.169.213.128
259,Martin,Kim,mkim76@cloudflare.com,Male,121.7.138.213
260,Ruth,Sims,rsims77@liveinternet.ru,Female,255.221.80.56
261,Bruce,Porter,bporter78@g.co,Male,27.59.218.39
262,Beverly,Willis,bwillis79@amazon.co.uk,Female,128.199.194.123
263,Theresa,Ramirez,tramirez7a@infoseek.co.jp,Female,140.157.66.42
264,James,Martin,jmartin7b@skyrock.com,Male,160.186.25.83
265,Aaron,Rice,arice7c@mysql.com,Male,94.221.11.235
266,Sarah,Wright,swright7d@amazon.co.jp,Female,189.72.166.25
267,Samuel,Moreno,smoreno7e@umich.edu,Male,182.60.228.167
268,Arthur,Williamson,awilliamson7f@wikia.com,Male,94.42.3.82
269,Mary,Owens,mowens7g@live.com,Female,214.88.49.122
270,Gloria,Garrett,ggarrett7h@privacy.gov.au,Female,201.10.81.178
271,Shirley,Morrison,smorrison7i@usatoday.com,Female,179.155.210.78
272,Jonathan,Roberts,jroberts7j@google.com.br,Male,22.174.48.222
273,Rebecca,Harper,rharper7k@live.com,Female,164.159.192.253
274,Laura,Cooper,lcooper7l@earthlink.net,Female,230.1.39.52
275,Marilyn,Day,mday7m@netscape.com,Female,57.232.208.249
276,Antonio,Pierce,apierce7n@examiner.com,Male,228.172.66.207
277,Thomas,Ross,tross7o@washingtonpost.com,Male,82.144.121.194
278,Kathryn,Stephens,kstephens7p@hubpages.com,Female,191.35.48.112
279,Pamela,Kennedy,pkennedy7q@amazon.de,Female,181.201.47.159
280,Martin,Lopez,mlopez7r@cisco.com,Male,164.112.183.176
281,Donald,Wright,dwright7s@flavors.me,Male,223.49.180.225
282,Annie,Knight,aknight7t@harvard.edu,Female,63.219.203.76
283,Beverly,Campbell,bcampbell7u@aboutads.info,Female,73.95.86.43
284,Bobby,Kelly,bkelly7v@omniture.com,Male,57.34.158.66
285,William,Matthews,wmatthews7w@163.com,Male,61.57.233.199
286,Bruce,Cruz,bcruz7x@list-manage.com,Male,181.79.54.160
287,Alan,Cole,acole7y@delicious.com,Male,40.237.208.36
288,Donna,Thomas,dthomas7z@ted.com,Female,29.184.137.84
289,Richard,Woods,rwoods80@oaic.gov.au,Male,198.244.44.175
290,Evelyn,Carr,ecarr81@ucoz.com,Female,163.128.173.28
291,Joe,Freeman,jfreeman82@nymag.com,Male,42.150.163.232
292,Laura,Ortiz,lortiz83@stanford.edu,Female,111.8.148.167
293,Henry,Parker,hparker84@cafepress.com,Male,163.193.204.115
294,Douglas,Williams,dwilliams85@purevolume.com,Male,47.247.224.213
295,Donna,Garza,dgarza86@wordpress.org,Female,120.192.192.137
296,Raymond,Gutierrez,rgutierrez87@about.com,Male,222.71.206.185
297,George,Meyer,gmeyer88@furl.net,Male,170.168.175.195
298,Steven,Berry,sberry89@wikipedia.org,Male,196.167.210.212
299,Debra,Bailey,dbailey8a@macromedia.com,Female,126.170.223.229
300,Randy,Harrison,rharrison8b@discuz.net,Male,62.203.202.176
301,Jeffrey,Collins,jcollins8c@jugem.jp,Male,30.131.166.44
302,Carl,Collins,ccollins8d@shutterfly.com,Male,153.121.187.87
303,Kathryn,Richards,krichards8e@mac.com,Female,237.147.69.218
304,Adam,Rogers,arogers8f@mail.ru,Male,152.160.117.31
305,Alan,Powell,apowell8g@bluehost.com,Male,249.115.239.53
306,Dorothy,Cunningham,dcunningham8h@hubpages.com,Female,51.0.69.206
307,Carlos,Hunter,chunter8i@moonfruit.com,Male,78.226.210.242
308,Sandra,Kennedy,skennedy8j@bandcamp.com,Female,78.244.40.183
309,Norma,Garrett,ngarrett8k@sun.com,Female,12.138.54.6
310,Susan,Ryan,sryan8l@omniture.com,Female,225.251.249.130
311,Bruce,Hernandez,bhernandez8m@woothemes.com,Male,24.141.76.225
312,Virginia,Peterson,vpeterson8n@imgur.com,Female,216.175.112.57
313,Elizabeth,Ray,eray8o@wix.com,Female,72.107.220.63
314,Howard,Ray,hray8p@mashable.com,Male,148.237.170.236
315,Deborah,Anderson,danderson8q@bandcamp.com,Female,216.179.212.134
316,Donna,Gutierrez,dgutierrez8r@diigo.com,Female,116.236.27.82
317,Maria,Mason,mmason8s@reference.com,Female,210.130.247.147
318,Douglas,Hawkins,dhawkins8t@reuters.com,Male,111.34.245.7
319,Douglas,Tucker,dtucker8u@godaddy.com,Male,71.75.57.33
320,Amy,Berry,aberry8v@seattletimes.com,Female,192.106.70.41
321,Jean,Jenkins,jjenkins8w@cnn.com,Female,162.255.154.208
322,Randy,Ray,rray8x@scientificamerican.com,Male,92.239.58.210
323,Cheryl,Sanchez,csanchez8y@nasa.gov,Female,148.63.36.101
324,Gregory,Franklin,gfranklin8z@facebook.com,Male,63.255.195.9
325,Judith,Gomez,jgomez90@nydailynews.com,Female,102.21.213.65
326,Dennis,Flores,dflores91@cbslocal.com,Male,187.216.135.167
327,Victor,Cruz,vcruz92@ameblo.jp,Male,102.2.66.55
328,Stephen,Bell,sbell93@thetimes.co.uk,Male,208.108.15.92
329,Samuel,Hunt,shunt94@4shared.com,Male,144.49.195.168
330,Christina,Meyer,cmeyer95@bbb.org,Female,252.54.98.220
331,Maria,Stewart,mstewart96@narod.ru,Female,185.64.26.92
332,Janice,Sullivan,jsullivan97@fastcompany.com,Female,162.192.66.205
333,Daniel,Diaz,ddiaz98@springer.com,Male,228.155.241.32
334,Dennis,Oliver,doliver99@pcworld.com,Male,202.73.8.205
335,Donna,Wallace,dwallace9a@hibu.com,Female,112.49.94.114
336,Harold,Thompson,hthompson9b@phpbb.com,Male,119.49.37.84
337,Norma,Stanley,nstanley9c@toplist.cz,Female,192.106.20.24
338,Kenneth,Franklin,kfranklin9d@1688.com,Male,192.96.121.214
339,Dorothy,Martinez,dmartinez9e@go.com,Female,48.129.196.166
340,Dennis,Murray,dmurray9f@washington.edu,Male,195.229.68.143
341,Anne,Weaver,aweaver9g@nature.com,Female,45.17.45.248
342,Ashley,Hamilton,ahamilton9h@boston.com,Female,133.71.135.159
343,Frank,Young,fyoung9i@wired.com,Male,36.43.255.177
344,Doris,Reynolds,dreynolds9j@shinystat.com,Female,27.172.155.98
345,Walter,Williams,wwilliams9k@amazon.co.jp,Male,71.236.60.59
346,Virginia,Cook,vcook9l@hhs.gov,Female,128.225.250.207
347,Christine,Burns,cburns9m@constantcontact.com,Female,255.60.92.98
348,Steve,Black,sblack9n@biglobe.ne.jp,Male,59.223.134.100
349,Gary,Chapman,gchapman9o@sun.com,Male,158.237.74.125
350,Todd,Reid,treid9p@bandcamp.com,Male,0.99.249.119
351,Lori,Hall,lhall9q@multiply.com,Female,57.224.216.255
352,Lori,Perez,lperez9r@princeton.edu,Female,136.205.30.31
353,Todd,Burke,tburke9s@go.com,Male,104.69.163.9
354,Joan,Wheeler,jwheeler9t@dropbox.com,Female,88.2.194.110
355,Judith,Webb,jwebb9u@loc.gov,Female,86.158.0.86
356,Louise,Payne,lpayne9v@princeton.edu,Female,48.165.58.205
357,Peter,Peterson,ppeterson9w@sun.com,Male,175.89.80.147
358,Frances,Moreno,fmoreno9x@rediff.com,Female,195.15.162.229
359,Raymond,Morris,rmorris9y@sciencedirect.com,Male,43.193.61.5
360,Samuel,Gibson,sgibson9z@state.gov,Male,193.189.146.87
361,Kenneth,Harris,kharrisa0@tuttocitta.it,Male,205.234.188.176
362,Heather,Kennedy,hkennedya1@pbs.org,Female,15.228.162.135
363,Helen,Graham,hgrahama2@tinyurl.com,Female,10.86.171.59
364,Ralph,Hudson,rhudsona3@census.gov,Male,248.42.192.44
365,Scott,Holmes,sholmesa4@wordpress.org,Male,157.128.153.216
366,Juan,Gilbert,jgilberta5@yahoo.co.jp,Male,100.129.203.80
367,Joan,Stephens,jstephensa6@intel.com,Female,255.60.198.2
368,Timothy,Martinez,tmartineza7@va.gov,Male,149.220.250.6
369,Philip,Ward,pwarda8@bbc.co.uk,Male,237.215.42.125
370,Gary,Turner,gturnera9@paginegialle.it,Male,126.189.112.36
371,George,Gibson,ggibsonaa@blinklist.com,Male,35.246.8.48
372,Frank,Murphy,fmurphyab@tamu.edu,Male,184.137.21.206
373,Alan,Daniels,adanielsac@creativecommons.org,Male,49.21.194.64
374,Alice,Crawford,acrawfordad@com.com,Female,80.85.146.42
375,Samuel,Edwards,sedwardsae@bbb.org,Male,103.108.226.232
376,Jacqueline,Mccoy,jmccoyaf@webs.com,Female,45.4.160.37
377,Sean,Walker,swalkerag@thetimes.co.uk,Male,199.108.44.60
378,Jesse,White,jwhiteah@people.com.cn,Male,189.130.139.125
379,Roy,Wilson,rwilsonai@artisteer.com,Male,121.9.83.216
380,Douglas,Thompson,dthompsonaj@zimbio.com,Male,186.62.177.164
381,Harold,Stewart,hstewartak@instagram.com,Male,196.192.57.139
382,Antonio,Nguyen,anguyenal@tamu.edu,Male,167.111.23.196
383,Ann,Alvarez,aalvarezam@zdnet.com,Female,61.154.130.26
384,Janice,Stanley,jstanleyan@yelp.com,Female,186.175.117.212
385,Paula,Hall,phallao@squarespace.com,Female,95.157.145.116
386,Pamela,Warren,pwarrenap@yale.edu,Female,7.205.251.43
387,Diane,Taylor,dtayloraq@skype.com,Female,57.127.254.160
388,Susan,Carter,scarterar@cbsnews.com,Female,216.240.32.181
389,Jimmy,Hanson,jhansonas@biglobe.ne.jp,Male,136.109.229.25
390,Angela,Lopez,alopezat@paypal.com,Female,192.24.113.238
391,Martha,Mendoza,mmendozaau@blog.com,Female,156.173.94.140
392,Sandra,Ferguson,sfergusonav@sfgate.com,Female,115.182.116.38
393,Gary,Montgomery,gmontgomeryaw@tinyurl.com,Male,207.81.72.182
394,Rachel,Gilbert,rgilbertax@tumblr.com,Female,71.101.64.58
395,Billy,Diaz,bdiazay@hatena.ne.jp,Male,4.203.46.219
396,Jimmy,Dean,jdeanaz@unblog.fr,Male,198.132.94.57
397,Tammy,Hunter,thunterb0@deliciousdays.com,Female,51.26.35.183
398,Jerry,Murphy,jmurphyb1@google.co.jp,Male,41.247.72.254
399,Shirley,Hanson,shansonb2@howstuffworks.com,Female,199.82.211.100
400,Randy,Jenkins,rjenkinsb3@army.mil,Male,250.117.28.90
401,Emily,Dunn,edunnb4@ow.ly,Female,0.213.131.194
402,Christina,Lawrence,clawrenceb5@amazon.co.uk,Female,192.182.169.236
403,Helen,Lane,hlaneb6@dell.com,Female,126.95.40.153
404,Todd,West,twestb7@qq.com,Male,134.179.220.251
405,Julia,Stone,jstoneb8@etsy.com,Female,91.137.140.98
406,Chris,Reyes,creyesb9@freewebs.com,Male,189.136.87.61
407,Daniel,Henry,dhenryba@google.com.hk,Male,182.177.118.222
408,Amy,Armstrong,aarmstrongbb@cdc.gov,Female,190.54.195.15
409,Jimmy,Ramos,jramosbc@icq.com,Male,8.19.220.1
410,Amanda,Murray,amurraybd@devhub.com,Female,237.157.89.130
411,Melissa,Henry,mhenrybe@123-reg.co.uk,Female,67.169.98.254
412,Lillian,Olson,lolsonbf@yellowbook.com,Female,111.153.228.250
413,Ralph,Wagner,rwagnerbg@alexa.com,Male,67.34.108.140
414,Melissa,Young,myoungbh@cyberchimps.com,Female,146.51.66.186
415,Earl,Pierce,epiercebi@shutterfly.com,Male,85.202.214.63
416,Katherine,Carr,kcarrbj@issuu.com,Female,48.84.157.70
417,Gary,Lynch,glynchbk@yelp.com,Male,73.143.44.119
418,Joe,Davis,jdavisbl@blogspot.com,Male,118.252.55.200
419,Douglas,Harris,dharrisbm@github.com,Male,121.31.252.85
420,Andrea,Pierce,apiercebn@fotki.com,Female,216.214.159.104
421,Eugene,Brown,ebrownbo@vk.com,Male,217.229.96.49
422,Walter,Watson,wwatsonbp@ftc.gov,Male,212.18.9.235
423,Roger,Scott,rscottbq@cdc.gov,Male,199.14.98.48
424,Anthony,Ray,araybr@aol.com,Male,62.128.124.113
425,Lisa,Morris,lmorrisbs@weibo.com,Female,227.242.115.11
426,Mary,Oliver,moliverbt@google.ru,Female,7.230.65.68
427,Denise,Cook,dcookbu@answers.com,Female,151.107.53.185
428,Alan,Perry,aperrybv@independent.co.uk,Male,60.13.224.210
429,Jacqueline,Henry,jhenrybw@wsj.com,Female,38.126.226.123
430,Helen,Martin,hmartinbx@vimeo.com,Female,247.220.182.232
431,Samuel,King,skingby@china.com.cn,Male,173.89.24.11
432,Virginia,Burke,vburkebz@bloglines.com,Female,139.152.27.69
433,Benjamin,Fowler,bfowlerc0@cdbaby.com,Male,180.5.138.233
434,Gregory,Watson,gwatsonc1@google.com,Male,94.200.85.173
435,Laura,Black,lblackc2@paginegialle.it,Female,88.196.199.45
436,Jimmy,Fisher,jfisherc3@nbcnews.com,Male,183.108.15.235
437,Pamela,Lewis,plewisc4@newyorker.com,Female,156.128.187.230
438,Andrea,Kennedy,akennedyc5@bandcamp.com,Female,182.51.46.182
439,Harry,Richardson,hrichardsonc6@youtube.com,Male,69.149.199.125
440,Anna,Bradley,abradleyc7@slideshare.net,Female,97.29.223.111
441,Joan,Reynolds,jreynoldsc8@tinypic.com,Female,37.176.32.232
442,Dennis,Porter,dporterc9@furl.net,Male,25.21.203.240
443,Sarah,Vasquez,svasquezca@mlb.com,Female,89.150.154.59
444,Ryan,Harvey,rharveycb@ebay.co.uk,Male,44.64.105.109
445,Justin,Wells,jwellscc@weebly.com,Male,32.48.147.224
446,Carolyn,Scott,cscottcd@webmd.com,Female,169.86.80.233
447,Ann,Evans,aevansce@list-manage.com,Female,145.243.180.55
448,Craig,Ortiz,cortizcf@jalbum.net,Male,224.84.21.253
449,Ruth,Simpson,rsimpsoncg@posterous.com,Female,82.120.177.246
450,Ann,Owens,aowensch@naver.com,Female,41.152.97.222
451,Lori,Ortiz,lortizci@hostgator.com,Female,143.211.179.46
452,Steven,Austin,saustincj@drupal.org,Male,23.214.58.147
453,Paul,Barnes,pbarnesck@va.gov,Male,149.129.237.7
454,Barbara,Thompson,bthompsoncl@ft.com,Female,133.69.153.128
455,Robin,Nelson,rnelsoncm@vkontakte.ru,Female,55.148.51.106
456,Marilyn,Garrett,mgarrettcn@yellowpages.com,Female,217.95.169.94
457,Theresa,Phillips,tphillipsco@businessinsider.com,Female,5.17.214.31
458,Theresa,Stephens,tstephenscp@foxnews.com,Female,221.247.207.195
459,Stephanie,Meyer,smeyercq@state.gov,Female,36.246.239.109
460,Thomas,Perry,tperrycr@hc360.com,Male,213.198.140.213
461,Craig,James,cjamescs@tinypic.com,Male,241.249.69.52
462,Jennifer,Torres,jtorresct@tmall.com,Female,34.116.34.79
463,Janice,Graham,jgrahamcu@msu.edu,Female,146.43.0.196
464,Christina,Cole,ccolecv@behance.net,Female,94.192.5.27
465,William,Jordan,wjordancw@newyorker.com,Male,129.192.101.98
466,Anne,Richards,arichardscx@typepad.com,Female,212.18.221.88
467,Michael,Henderson,mhendersoncy@mayoclinic.com,Male,165.64.230.207
468,Ralph,Young,ryoungcz@nifty.com,Male,251.206.129.67
469,Larry,Wagner,lwagnerd0@pcworld.com,Male,107.238.239.59
470,Anna,Armstrong,aarmstrongd1@google.de,Female,250.29.223.38
471,Robert,Coleman,rcolemand2@nhs.uk,Male,69.140.100.37
472,Maria,Collins,mcollinsd3@msu.edu,Female,68.100.39.115
473,Louis,Harper,lharperd4@last.fm,Male,105.97.224.126
474,Ruby,Flores,rfloresd5@census.gov,Female,102.115.193.28
475,Helen,Harvey,hharveyd6@fda.gov,Female,92.209.186.252
476,Harry,Bryant,hbryantd7@washington.edu,Male,147.155.134.133
477,Joseph,George,jgeorged8@npr.org,Male,155.208.221.22
478,Henry,Cunningham,hcunninghamd9@amazon.de,Male,111.104.45.70
479,Dorothy,Torres,dtorresda@g.co,Female,126.106.170.161
480,Eugene,Fernandez,efernandezdb@fc2.com,Male,177.145.210.185
481,Johnny,Russell,jrusselldc@geocities.com,Male,134.166.194.134
482,Cheryl,Hunt,chuntdd@facebook.com,Female,165.215.83.154
483,Jennifer,Henry,jhenryde@naver.com,Female,208.234.122.60
484,Stephanie,Ramirez,sramirezdf@census.gov,Female,133.27.24.181
485,Harry,Kim,hkimdg@seattletimes.com,Male,224.237.197.110
486,Lawrence,Wheeler,lwheelerdh@craigslist.org,Male,230.77.137.38
487,Carol,Fernandez,cfernandezdi@whitehouse.gov,Female,214.90.187.124
488,Antonio,Greene,agreenedj@webmd.com,Male,67.41.142.128
489,Martin,Graham,mgrahamdk@google.com.br,Male,23.79.125.176
490,Eric,Hughes,ehughesdl@ucoz.ru,Male,89.73.133.159
491,Lois,Perkins,lperkinsdm@globo.com,Female,136.223.205.249
492,Marie,Flores,mfloresdn@reddit.com,Female,171.237.172.144
493,Steve,Garrett,sgarrettdo@ftc.gov,Male,167.39.243.98
494,Andrea,Gibson,agibsondp@wp.com,Female,253.129.145.179
495,Bobby,Day,bdaydq@dmoz.org,Male,4.173.14.208
496,Jerry,Martin,jmartindr@cyberchimps.com,Male,100.242.109.209
497,Juan,Weaver,jweaverds@spotify.com,Male,121.49.52.191
498,Wanda,Hayes,whayesdt@sohu.com,Female,130.167.198.176
499,Sharon,Rice,sricedu@geocities.com,Female,127.225.135.154
500,Janet,Washington,jwashingtondv@squidoo.com,Female,215.185.231.22
501,Teresa,Peterson,tpetersondw@si.edu,Female,94.116.54.68
502,Jonathan,Kelley,jkelleydx@phoca.cz,Male,255.74.63.84
503,Dorothy,Campbell,dcampbelldy@mit.edu,Female,145.70.9.83
504,Beverly,Gibson,bgibsondz@alexa.com,Female,13.235.105.0
505,Terry,Gomez,tgomeze0@tripod.com,Male,250.95.237.166
506,Jerry,Evans,jevanse1@huffingtonpost.com,Male,120.203.197.87
507,Linda,Cruz,lcruze2@seesaa.net,Female,84.155.38.15
508,Shawn,Fowler,sfowlere3@google.co.jp,Male,234.185.79.133
509,Eric,Howard,ehowarde4@washington.edu,Male,123.77.127.240
510,Phillip,Phillips,pphillipse5@goo.ne.jp,Male,143.247.108.193
511,Lawrence,Bennett,lbennette6@ameblo.jp,Male,251.24.127.228
512,Dorothy,Reid,dreide7@arizona.edu,Female,187.159.48.89
513,Walter,Hill,whille8@wikia.com,Male,127.248.93.92
514,Howard,Hansen,hhansene9@blogspot.com,Male,86.68.178.239
515,Linda,West,lwestea@utexas.edu,Female,228.183.180.71
516,Marilyn,Porter,mportereb@hud.gov,Female,75.97.246.98
517,Benjamin,Sullivan,bsullivanec@wordpress.org,Male,26.204.189.201
518,Jerry,Simpson,jsimpsoned@hatena.ne.jp,Male,185.240.87.106
519,Jerry,Simmons,jsimmonsee@bigcartel.com,Male,208.88.229.81
520,Barbara,Flores,bfloresef@pagesperso-orange.fr,Female,65.111.39.140
521,Amanda,Watson,awatsoneg@nih.gov,Female,90.199.9.190
522,Sara,Mcdonald,smcdonaldeh@php.net,Female,34.223.220.108
523,Mark,Bradley,mbradleyei@lycos.com,Male,203.128.73.119
524,Kelly,Owens,kowensej@4shared.com,Female,153.74.5.204
525,Ann,Crawford,acrawfordek@google.de,Female,166.117.114.36
526,Donald,Butler,dbutlerel@unblog.fr,Male,232.33.35.21
527,Jonathan,Wells,jwellsem@google.com.au,Male,67.58.205.64
528,Thomas,Day,tdayen@yahoo.com,Male,208.40.249.27
529,Donald,Young,dyoungeo@purevolume.com,Male,42.250.148.143
530,Cynthia,Wells,cwellsep@vkontakte.ru,Female,59.38.192.72
531,Alice,Snyder,asnydereq@kickstarter.com,Female,79.29.239.121
532,Susan,Duncan,sduncaner@mozilla.com,Female,108.215.31.135
533,Doris,Howard,dhowardes@xrea.com,Female,138.1.189.64
534,Wayne,Medina,wmedinaet@dailymotion.com,Male,246.220.137.184
535,Juan,Kennedy,jkennedyeu@ebay.co.uk,Male,66.108.62.151
536,Christine,Parker,cparkerev@mail.ru,Female,26.134.228.190
537,Virginia,Edwards,vedwardsew@fc2.com,Female,229.35.164.145
538,Christina,Nichols,cnicholsex@reddit.com,Female,55.32.88.128
539,Carlos,Walker,cwalkerey@oaic.gov.au,Male,89.60.51.209
540,Jerry,Clark,jclarkez@csmonitor.com,Male,173.157.192.20
541,Bonnie,Willis,bwillisf0@cyberchimps.com,Female,216.155.110.21
542,Gary,Harper,gharperf1@studiopress.com,Male,125.172.82.123
543,Wayne,Armstrong,warmstrongf2@msn.com,Male,171.155.203.94
544,Debra,Davis,ddavisf3@angelfire.com,Female,65.45.152.68
545,Eugene,Ortiz,eortizf4@ca.gov,Male,10.84.139.72
546,Russell,Martinez,rmartinezf5@unesco.org,Male,125.124.40.201
547,Jacqueline,Jenkins,jjenkinsf6@seesaa.net,Female,166.74.243.5
548,Kevin,Howell,khowellf7@nps.gov,Male,120.242.68.1
549,Janice,Griffin,jgriffinf8@over-blog.com,Female,163.77.169.218
550,Alan,Carr,acarrf9@shutterfly.com,Male,41.163.150.28
551,Judith,Myers,jmyersfa@ucoz.ru,Female,57.167.219.194
552,Jonathan,Holmes,jholmesfb@nasa.gov,Male,244.151.247.243
553,Russell,Dixon,rdixonfc@mysql.com,Male,28.58.66.153
554,Andrew,Graham,agrahamfd@gmpg.org,Male,23.95.231.69
555,Anthony,Shaw,ashawfe@qq.com,Male,241.249.29.87
556,Kelly,Taylor,ktaylorff@infoseek.co.jp,Female,42.67.91.127
557,Cynthia,Armstrong,carmstrongfg@sina.com.cn,Female,88.250.132.193
558,Frank,Weaver,fweaverfh@telegraph.co.uk,Male,214.226.57.241
559,Tammy,Kelly,tkellyfi@statcounter.com,Female,135.26.215.110
560,Christopher,Ruiz,cruizfj@discuz.net,Male,119.25.123.64
561,Maria,Daniels,mdanielsfk@unesco.org,Female,34.215.1.54
562,Nicole,Mitchell,nmitchellfl@fda.gov,Female,208.86.120.36
563,David,Tucker,dtuckerfm@smugmug.com,Male,85.230.110.49
564,Phyllis,Ferguson,pfergusonfn@scribd.com,Female,153.236.194.1
565,Lawrence,Turner,lturnerfo@amazon.de,Male,165.174.89.162
566,Matthew,Montgomery,mmontgomeryfp@squidoo.com,Male,114.84.121.131
567,Pamela,Dixon,pdixonfq@printfriendly.com,Female,91.102.249.7
568,Annie,Garza,agarzafr@newsvine.com,Female,96.149.228.213
569,Sharon,Bennett,sbennettfs@liveinternet.ru,Female,139.74.185.125
570,Earl,Pierce,epierceft@economist.com,Male,215.183.118.121
571,Tammy,Young,tyoungfu@dedecms.com,Female,172.227.102.201
572,Emily,Andrews,eandrewsfv@t-online.de,Female,203.60.6.30
573,Michael,Perez,mperezfw@bing.com,Male,118.17.53.172
574,Marilyn,Ford,mfordfx@purevolume.com,Female,118.54.51.186
575,Bobby,King,bkingfy@google.com.hk,Male,198.185.181.167
576,Arthur,Palmer,apalmerfz@house.gov,Male,24.147.51.19
577,Melissa,Schmidt,mschmidtg0@creativecommons.org,Female,131.54.160.148
578,Cynthia,Reid,creidg1@cnet.com,Female,220.47.23.215
579,Terry,Harris,tharrisg2@sourceforge.net,Male,157.42.98.103
580,Jeremy,Webb,jwebbg3@geocities.jp,Male,245.228.130.88
581,Bobby,Banks,bbanksg4@seesaa.net,Male,136.155.192.105
582,Patrick,Johnson,pjohnsong5@hhs.gov,Male,71.47.224.203
583,Heather,Porter,hporterg6@theatlantic.com,Female,156.147.56.88
584,Shawn,Simpson,ssimpsong7@prnewswire.com,Male,53.5.144.84
585,Michael,Lee,mleeg8@toplist.cz,Male,107.135.148.180
586,Lawrence,Willis,lwillisg9@quantcast.com,Male,134.198.255.51
587,Robert,Lynch,rlynchga@bizjournals.com,Male,233.80.110.16
588,Betty,Baker,bbakergb@ebay.com,Female,153.246.138.142
589,Peter,Reid,preidgc@mayoclinic.com,Male,216.99.252.47
590,David,Hanson,dhansongd@sitemeter.com,Male,125.81.148.215
591,Phyllis,Hawkins,phawkinsge@tiny.cc,Female,173.183.14.246
592,Joseph,Fernandez,jfernandezgf@jugem.jp,Male,130.200.242.10
593,Jessica,Grant,jgrantgg@moonfruit.com,Female,122.206.45.62
594,Heather,Watson,hwatsongh@shareasale.com,Female,135.100.206.115
595,Martha,Gardner,mgardnergi@ucla.edu,Female,80.41.205.235
596,Bobby,Torres,btorresgj@unblog.fr,Male,176.240.200.115
597,Ryan,Morgan,rmorgangk@webmd.com,Male,66.145.162.194
598,Lillian,Howell,lhowellgl@cloudflare.com,Female,66.8.221.59
599,Amanda,Adams,aadamsgm@eventbrite.com,Female,198.16.48.84
600,Ruth,Marshall,rmarshallgn@salon.com,Female,205.115.113.175
601,Andrew,Stewart,astewartgo@google.ru,Male,25.10.104.168
602,Donald,Freeman,dfreemangp@mysql.com,Male,182.75.85.88
603,Jessica,Woods,jwoodsgq@home.pl,Female,127.127.86.122
604,Joe,Hernandez,jhernandezgr@cbslocal.com,Male,224.95.99.191
605,Douglas,Bell,dbellgs@youtube.com,Male,238.220.107.239
606,Jimmy,Riley,jrileygt@home.pl,Male,209.63.201.239
607,Eric,Kelly,ekellygu@unesco.org,Male,205.95.212.205
608,Victor,Harrison,vharrisongv@baidu.com,Male,79.200.90.0
609,Patrick,Cox,pcoxgw@istockphoto.com,Male,168.146.242.162
610,Margaret,Fox,mfoxgx@answers.com,Female,112.3.179.19
611,Sara,Warren,swarrengy@ebay.co.uk,Female,76.188.72.59
612,Alan,Dixon,adixongz@telegraph.co.uk,Male,133.157.152.31
613,Donald,Oliver,doliverh0@mapy.cz,Male,61.41.137.75
614,George,Warren,gwarrenh1@ycombinator.com,Male,10.52.215.76
615,David,Warren,dwarrenh2@networkadvertising.org,Male,222.160.166.204
616,Alice,Holmes,aholmesh3@theguardian.com,Female,213.179.138.160
617,Shawn,Holmes,sholmesh4@statcounter.com,Male,50.243.255.217
618,Carlos,Burton,cburtonh5@is.gd,Male,235.66.152.67
619,Todd,Cooper,tcooperh6@chicagotribune.com,Male,160.60.117.81
620,Eric,Russell,erussellh7@tumblr.com,Male,131.75.193.217
621,Shirley,Fields,sfieldsh8@dion.ne.jp,Female,163.123.24.18
622,Russell,Rice,rriceh9@netvibes.com,Male,208.51.226.1
623,Jean,Walker,jwalkerha@naver.com,Female,101.20.168.181
624,Edward,Collins,ecollinshb@jigsy.com,Male,152.168.11.68
625,Theresa,Nichols,tnicholshc@merriam-webster.com,Female,149.214.126.146
626,Brandon,Hunt,bhunthd@rambler.ru,Male,101.119.119.3
627,Craig,Morris,cmorrishe@ibm.com,Male,198.118.111.47
628,Jacqueline,Coleman,jcolemanhf@yellowpages.com,Female,62.135.180.76
629,Charles,White,cwhitehg@usa.gov,Male,170.180.105.22
630,Ronald,Garcia,rgarciahh@lulu.com,Male,138.204.39.166
631,Peter,Spencer,pspencerhi@list-manage.com,Male,30.1.109.254
632,Deborah,Taylor,dtaylorhj@slashdot.org,Female,57.130.118.108
633,Paul,Brown,pbrownhk@whitehouse.gov,Male,201.168.241.131
634,Kathy,Taylor,ktaylorhl@rediff.com,Female,162.102.57.177
635,Marilyn,Reed,mreedhm@woothemes.com,Female,110.228.153.43
636,Harry,Gonzales,hgonzaleshn@craigslist.org,Male,15.10.235.28
637,Judy,Jacobs,jjacobsho@nydailynews.com,Female,251.113.20.31
638,Janice,Wallace,jwallacehp@globo.com,Female,5.21.126.80
639,Joshua,Stewart,jstewarthq@cornell.edu,Male,29.189.236.124
640,Lisa,Day,ldayhr@behance.net,Female,62.68.108.250
641,Barbara,Franklin,bfranklinhs@ebay.com,Female,199.212.182.93
642,Ronald,Palmer,rpalmerht@intel.com,Male,70.7.112.94
643,Carolyn,Gutierrez,cgutierrezhu@cocolog-nifty.com,Female,215.162.100.56
644,Shirley,Sanders,ssandershv@networksolutions.com,Female,165.94.2.217
645,Earl,Ellis,eellishw@virginia.edu,Male,62.214.3.245
646,Ralph,Vasquez,rvasquezhx@mac.com,Male,208.186.7.241
647,Ruby,Richards,rrichardshy@sakura.ne.jp,Female,82.80.221.113
648,Ralph,Phillips,rphillipshz@istockphoto.com,Male,30.68.85.143
649,Rebecca,Warren,rwarreni0@netlog.com,Female,78.74.37.28
650,Ernest,Mcdonald,emcdonaldi1@google.co.uk,Male,198.221.170.128
651,Sarah,Morales,smoralesi2@disqus.com,Female,150.106.39.236
652,Carolyn,Armstrong,carmstrongi3@live.com,Female,24.15.64.197
653,Robert,Jones,rjonesi4@unesco.org,Male,251.209.148.131
654,Rachel,Phillips,rphillipsi5@narod.ru,Female,53.170.158.57
655,Alan,Ford,afordi6@chronoengine.com,Male,57.245.30.81
656,Jesse,Barnes,jbarnesi7@com.com,Male,9.114.218.235
657,Cheryl,Clark,cclarki8@symantec.com,Female,249.88.175.226
658,Charles,Alexander,calexanderi9@hostgator.com,Male,174.156.28.145
659,Jason,Sanchez,jsanchezia@ask.com,Male,28.224.134.37
660,Evelyn,Lewis,elewisib@etsy.com,Female,107.242.42.82
661,Gary,Ellis,gellisic@admin.ch,Male,97.132.151.6
662,Nicole,Riley,nrileyid@globo.com,Female,13.251.72.153
663,Thomas,Evans,tevansie@state.tx.us,Male,24.13.140.173
664,Paula,Murphy,pmurphyif@pcworld.com,Female,10.240.158.27
665,Jimmy,Franklin,jfranklinig@answers.com,Male,0.200.40.66
666,Betty,Boyd,bboydih@e-recht24.de,Female,168.83.224.30
667,Kevin,Franklin,kfranklinii@ucla.edu,Male,236.4.170.173
668,Sharon,Mcdonald,smcdonaldij@globo.com,Female,6.28.150.221
669,Stephanie,Anderson,sandersonik@goo.ne.jp,Female,26.24.188.106
670,Rachel,Hicks,rhicksil@umich.edu,Female,181.77.68.255
671,Kenneth,Palmer,kpalmerim@cpanel.net,Male,66.164.159.36
672,Frank,Scott,fscottin@reuters.com,Male,95.223.48.85
673,Phillip,Bishop,pbishopio@ucsd.edu,Male,102.51.62.198
674,Anthony,Cruz,acruzip@spiegel.de,Male,112.147.218.37
675,Kelly,Sullivan,ksullivaniq@github.com,Female,209.130.181.241
676,David,Torres,dtorresir@sitemeter.com,Male,101.192.126.92
677,Donna,Pierce,dpierceis@istockphoto.com,Female,80.188.175.182
678,Maria,Roberts,mrobertsit@latimes.com,Female,244.16.105.245
679,Martin,Moore,mmooreiu@cargocollective.com,Male,243.205.112.73
680,Beverly,Riley,brileyiv@pen.io,Female,171.0.107.94
681,Rachel,Duncan,rduncaniw@webmd.com,Female,163.132.210.95
682,Frances,Walker,fwalkerix@mit.edu,Female,163.60.98.31
683,Jonathan,Fisher,jfisheriy@paginegialle.it,Male,145.152.102.216
684,Jacqueline,Rivera,jriveraiz@symantec.com,Female,110.33.2.29
685,Marilyn,Boyd,mboydj0@deliciousdays.com,Female,124.44.157.2
686,Robin,Jordan,rjordanj1@adobe.com,Female,234.207.201.156
687,Victor,Cunningham,vcunninghamj2@opera.com,Male,27.203.50.147
688,Harold,Chavez,hchavezj3@blogger.com,Male,88.74.245.226
689,Gloria,Garcia,ggarciaj4@elpais.com,Female,56.251.137.233
690,Diana,Lewis,dlewisj5@cnet.com,Female,221.97.139.242
691,Beverly,Jenkins,bjenkinsj6@time.com,Female,65.186.55.52
692,Jessica,Coleman,jcolemanj7@fema.gov,Female,149.239.105.233
693,Jessica,Turner,jturnerj8@stanford.edu,Female,94.205.103.79
694,Jessica,Reed,jreedj9@dell.com,Female,153.56.48.238
695,Laura,Lewis,llewisja@gmpg.org,Female,160.191.58.210
696,Raymond,Evans,revansjb@usnews.com,Male,88.189.243.46
697,Linda,Lewis,llewisjc@naver.com,Female,8.227.200.71
698,Shawn,Clark,sclarkjd@uol.com.br,Male,119.47.61.228
699,Alice,Boyd,aboydje@is.gd,Female,237.77.177.19
700,Theresa,Gutierrez,tgutierrezjf@facebook.com,Female,234.203.246.233
701,Emily,Taylor,etaylorjg@wikimedia.org,Female,90.190.65.64
702,Christopher,Vasquez,cvasquezjh@timesonline.co.uk,Male,46.128.111.78
703,Martha,Foster,mfosterji@usgs.gov,Female,198.110.186.182
704,Ralph,Nelson,rnelsonjj@ebay.com,Male,66.146.246.86
705,Steven,Butler,sbutlerjk@yahoo.co.jp,Male,48.146.171.254
706,Donald,Alvarez,dalvarezjl@aol.com,Male,197.55.30.30
707,Philip,Daniels,pdanielsjm@alibaba.com,Male,57.67.114.195
708,Terry,Larson,tlarsonjn@seesaa.net,Male,56.4.79.91
709,Angela,Bennett,abennettjo@people.com.cn,Female,254.46.46.52
710,Raymond,Nguyen,rnguyenjp@irs.gov,Male,150.202.220.169
711,Sandra,Watkins,swatkinsjq@clickbank.net,Female,150.218.241.5
712,Carlos,Hanson,chansonjr@naver.com,Male,118.234.184.51
713,Katherine,Parker,kparkerjs@dion.ne.jp,Female,47.30.97.74
714,Joe,Dunn,jdunnjt@i2i.jp,Male,103.133.86.223
715,Jimmy,Chapman,jchapmanju@amazon.co.uk,Male,29.153.111.210
716,Raymond,Hunter,rhunterjv@plala.or.jp,Male,59.122.54.211
717,Barbara,Williams,bwilliamsjw@hugedomains.com,Female,51.175.117.90
718,William,Hart,whartjx@reddit.com,Male,54.34.182.199
719,Brandon,Olson,bolsonjy@marketwatch.com,Male,83.16.204.78
720,Frank,Carter,fcarterjz@fastcompany.com,Male,37.232.230.46
721,Marilyn,Little,mlittlek0@blinklist.com,Female,97.194.147.61
722,Victor,Rogers,vrogersk1@homestead.com,Male,21.252.46.50
723,Debra,Olson,dolsonk2@engadget.com,Female,86.136.149.31
724,Julia,Rodriguez,jrodriguezk3@cargocollective.com,Female,226.14.11.205
725,Martha,Montgomery,mmontgomeryk4@google.com.br,Female,76.114.249.203
726,Richard,Cooper,rcooperk5@cdc.gov,Male,163.65.67.122
727,Daniel,Howard,dhowardk6@paypal.com,Male,240.170.28.202
728,Kevin,Andrews,kandrewsk7@google.de,Male,5.221.101.121
729,Sharon,Lynch,slynchk8@shop-pro.jp,Female,153.61.244.21
730,Craig,Bell,cbellk9@comcast.net,Male,209.116.172.125
731,Adam,Hughes,ahugheska@huffingtonpost.com,Male,70.156.43.178
732,Ralph,Weaver,rweaverkb@imageshack.us,Male,74.21.26.90
733,Anthony,Flores,afloreskc@vistaprint.com,Male,220.31.16.125
734,Jacqueline,Bishop,jbishopkd@gov.uk,Female,24.29.152.96
735,Walter,Anderson,wandersonke@altervista.org,Male,144.195.169.116
736,Chris,Wells,cwellskf@furl.net,Male,93.112.58.167
737,Carolyn,Perkins,cperkinskg@jugem.jp,Female,161.83.210.97
738,Virginia,Walker,vwalkerkh@redcross.org,Female,156.242.178.36
739,Kathleen,Nelson,knelsonki@trellian.com,Female,152.239.62.205
740,Sharon,Hudson,shudsonkj@godaddy.com,Female,41.56.105.117
741,Keith,Day,kdaykk@furl.net,Male,216.232.95.62
742,Jessica,Wheeler,jwheelerkl@tinypic.com,Female,148.42.32.190
743,Rose,Ray,rraykm@chron.com,Female,190.106.2.84
744,Mary,Gilbert,mgilbertkn@nbcnews.com,Female,109.223.148.45
745,Judith,Harper,jharperko@technorati.com,Female,237.34.208.82
746,Carl,Brown,cbrownkp@mozilla.org,Male,164.133.191.111
747,Robert,Wood,rwoodkq@parallels.com,Male,114.20.226.18
748,Walter,Bowman,wbowmankr@ibm.com,Male,45.106.249.115
749,Deborah,Hart,dhartks@webnode.com,Female,29.53.248.252
750,Rose,Cook,rcookkt@comsenz.com,Female,105.145.252.237
751,Irene,Pierce,ipierceku@shutterfly.com,Female,69.74.129.181
752,Gregory,Clark,gclarkkv@indiegogo.com,Male,105.74.12.29
753,Irene,Young,iyoungkw@xinhuanet.com,Female,106.68.49.168
754,Alice,Mitchell,amitchellkx@sakura.ne.jp,Female,248.75.207.140
755,Clarence,Andrews,candrewsky@economist.com,Male,104.231.162.112
756,Charles,Ramirez,cramirezkz@mapquest.com,Male,91.224.19.166
757,Janet,Freeman,jfreemanl0@bizjournals.com,Female,230.77.101.118
758,Albert,Garrett,agarrettl1@xing.com,Male,76.62.63.74
759,Christine,Little,clittlel2@psu.edu,Female,14.7.228.25
760,Antonio,Franklin,afranklinl3@businessweek.com,Male,134.31.66.198
761,Marilyn,Wallace,mwallacel4@hc360.com,Female,23.129.39.112
762,Amanda,Ford,afordl5@nyu.edu,Female,19.81.241.21
763,Charles,Hill,chilll6@imgur.com,Male,121.133.131.48
764,Scott,Thomas,sthomasl7@nydailynews.com,Male,227.55.106.154
765,Carl,Spencer,cspencerl8@amazon.co.jp,Male,50.64.110.99
766,Jose,Knight,jknightl9@sciencedirect.com,Male,243.205.212.39
767,Henry,Morgan,hmorganla@ezinearticles.com,Male,181.254.147.24
768,Joseph,Ford,jfordlb@comsenz.com,Male,100.96.101.118
769,Debra,Ramirez,dramirezlc@1688.com,Female,71.166.135.120
770,Willie,Baker,wbakerld@ox.ac.uk,Male,192.251.177.53
771,Rebecca,Howard,rhowardle@woothemes.com,Female,78.219.229.53
772,Walter,Fields,wfieldslf@hc360.com,Male,186.198.43.156
773,Linda,Berry,lberrylg@toplist.cz,Female,98.235.39.163
774,Jack,Carroll,jcarrolllh@forbes.com,Male,21.57.134.130
775,Marie,Reyes,mreyesli@cyberchimps.com,Female,43.180.253.178
776,Bonnie,Hunt,bhuntlj@artisteer.com,Female,252.170.149.91
777,Jennifer,Long,jlonglk@icq.com,Female,87.84.239.22
778,Karen,Ray,krayll@cisco.com,Female,120.238.9.240
779,Stephanie,Rodriguez,srodriguezlm@deliciousdays.com,Female,187.28.49.198
780,Gary,Montgomery,gmontgomeryln@geocities.com,Male,8.255.220.165
781,James,Ramos,jramoslo@myspace.com,Male,168.87.163.44
782,Susan,Perkins,sperkinslp@artisteer.com,Female,122.173.61.40
783,Teresa,Hamilton,thamiltonlq@mtv.com,Female,68.19.57.241
784,Wanda,Shaw,wshawlr@cargocollective.com,Female,203.191.109.141
785,Margaret,Reed,mreedls@ifeng.com,Female,202.229.0.13
786,Linda,Williams,lwilliamslt@chicagotribune.com,Female,76.168.52.112
787,Susan,Hawkins,shawkinslu@abc.net.au,Female,47.144.97.73
788,Carl,Nguyen,cnguyenlv@webnode.com,Male,115.14.227.130
789,Brandon,Morgan,bmorganlw@csmonitor.com,Male,96.114.1.119
790,Brian,Ray,braylx@biglobe.ne.jp,Male,146.171.54.235
791,Dorothy,Reed,dreedly@discuz.net,Female,174.71.93.207
792,Doris,Kelly,dkellylz@sciencedirect.com,Female,158.108.177.172
793,Kevin,Phillips,kphillipsm0@yale.edu,Male,140.198.30.38
794,Michael,Spencer,mspencerm1@illinois.edu,Male,198.68.34.190
795,Jane,Spencer,jspencerm2@ucoz.ru,Female,39.98.45.160
796,Brian,Parker,bparkerm3@freewebs.com,Male,155.98.66.73
797,Michael,Armstrong,marmstrongm4@arstechnica.com,Male,47.138.21.55
798,Frances,Morrison,fmorrisonm5@accuweather.com,Female,98.55.220.186
799,Denise,Ford,dfordm6@abc.net.au,Female,254.130.125.105
800,Timothy,Arnold,tarnoldm7@state.gov,Male,36.58.143.221
801,Steve,Cooper,scooperm8@apache.org,Male,127.56.195.39
802,Rachel,Lawson,rlawsonm9@nydailynews.com,Female,153.120.164.226
803,Martin,Hansen,mhansenma@blog.com,Male,165.103.150.228
804,Jennifer,Lee,jleemb@wordpress.org,Female,200.23.139.78
805,Kathy,Green,kgreenmc@wufoo.com,Female,206.32.15.82
806,Albert,Harvey,aharveymd@webeden.co.uk,Male,76.246.194.181
807,Richard,Murray,rmurrayme@princeton.edu,Male,51.131.78.177
808,Lisa,Harper,lharpermf@latimes.com,Female,11.108.242.205
809,Steve,Bell,sbellmg@marketwatch.com,Male,194.232.29.119
810,Mildred,Hernandez,mhernandezmh@unicef.org,Female,101.113.242.199
811,Ronald,Jordan,rjordanmi@telegraph.co.uk,Male,130.33.103.29
812,Julie,Riley,jrileymj@tuttocitta.it,Female,159.57.55.37
813,Marie,Austin,maustinmk@wikia.com,Female,18.208.105.238
814,Susan,Vasquez,svasquezml@ustream.tv,Female,215.255.203.8
815,Steve,Foster,sfostermm@independent.co.uk,Male,232.83.95.89
816,Charles,Stone,cstonemn@toplist.cz,Male,206.91.34.3
817,Charles,Robertson,crobertsonmo@vkontakte.ru,Male,164.241.241.203
818,Evelyn,Morrison,emorrisonmp@bing.com,Female,214.78.218.19
819,Louise,Stephens,lstephensmq@ifeng.com,Female,14.176.67.221
820,Rose,Stevens,rstevensmr@qq.com,Female,159.17.180.71
821,Robert,Wood,rwoodms@soundcloud.com,Male,130.125.0.211
822,Kenneth,Washington,kwashingtonmt@domainmarket.com,Male,115.92.106.174
823,Howard,Gardner,hgardnermu@indiatimes.com,Male,58.147.128.50
824,John,Murphy,jmurphymv@imdb.com,Male,252.40.169.150
825,Robin,James,rjamesmw@msn.com,Female,84.154.8.237
826,Michelle,Young,myoungmx@bigcartel.com,Female,5.179.130.164
827,Mark,James,mjamesmy@buzzfeed.com,Male,247.4.204.60
828,Teresa,Cox,tcoxmz@acquirethisname.com,Female,249.207.217.116
829,Jeremy,Rivera,jriveran0@hp.com,Male,150.253.188.219
830,Jessica,Kennedy,jkennedyn1@linkedin.com,Female,116.236.31.194
831,Victor,Ramirez,vramirezn2@shareasale.com,Male,171.46.94.251
832,Barbara,Wilson,bwilsonn3@usa.gov,Female,131.78.135.201
833,Shawn,Patterson,spattersonn4@slideshare.net,Male,199.237.208.214
834,Antonio,Sims,asimsn5@rediff.com,Male,214.249.93.139
835,Doris,Long,dlongn6@google.it,Female,245.245.104.3
836,Cynthia,Hanson,chansonn7@ebay.co.uk,Female,111.156.122.49
837,Theresa,Wilson,twilsonn8@ca.gov,Female,171.198.237.216
838,Brian,Wells,bwellsn9@eventbrite.com,Male,100.130.29.38
839,Wanda,Palmer,wpalmerna@disqus.com,Female,28.139.110.148
840,Brenda,Thomas,bthomasnb@printfriendly.com,Female,135.62.40.83
841,Bobby,Watson,bwatsonnc@scribd.com,Male,39.95.205.161
842,Craig,George,cgeorgend@booking.com,Male,152.71.171.91
843,Eric,Peters,epetersne@typepad.com,Male,180.139.141.200
844,Brenda,Hanson,bhansonnf@csmonitor.com,Female,70.136.157.8
845,Terry,Hunt,thuntng@last.fm,Male,150.46.140.195
846,Bonnie,Mitchell,bmitchellnh@stanford.edu,Female,55.80.242.248
847,Brian,Bell,bbellni@wikispaces.com,Male,127.36.137.253
848,Teresa,Harris,tharrisnj@wired.com,Female,86.252.231.141
849,Katherine,Hunter,khunternk@pagesperso-orange.fr,Female,237.44.228.35
850,Joyce,Thomas,jthomasnl@japanpost.jp,Female,86.6.247.171
851,Janice,Ruiz,jruiznm@naver.com,Female,40.199.153.115
852,Jean,Bennett,jbennettnn@msu.edu,Female,243.127.206.185
853,Emily,Perkins,eperkinsno@1688.com,Female,27.155.200.225
854,Timothy,Ramirez,tramireznp@cornell.edu,Male,139.250.69.221
855,Michelle,Hart,mhartnq@arstechnica.com,Female,211.154.130.121
856,Christopher,Reyes,creyesnr@yahoo.com,Male,105.232.128.63
857,Frank,Price,fpricens@bigcartel.com,Male,198.254.160.203
858,Matthew,Flores,mfloresnt@ihg.com,Male,153.31.202.196
859,Kimberly,Hill,khillnu@ebay.com,Female,239.42.187.189
860,Peter,Hayes,phayesnv@cbc.ca,Male,6.233.54.96
861,Roger,Jacobs,rjacobsnw@samsung.com,Male,98.164.127.126
862,Craig,Webb,cwebbnx@vistaprint.com,Male,191.29.245.114
863,Nicholas,Harris,nharrisny@ning.com,Male,91.159.13.137
864,Carl,Long,clongnz@jigsy.com,Male,124.117.49.177
865,Stephen,Reynolds,sreynoldso0@pbs.org,Male,48.169.195.54
866,Julia,Anderson,jandersono1@nifty.com,Female,69.229.193.24
867,Elizabeth,Parker,eparkero2@home.pl,Female,129.46.88.0
868,Julie,Morales,jmoraleso3@ameblo.jp,Female,70.91.24.16
869,Heather,Jones,hjoneso4@ning.com,Female,238.46.165.65
870,Carl,Adams,cadamso5@harvard.edu,Male,130.23.176.162
871,Walter,Morrison,wmorrisono6@cornell.edu,Male,213.241.54.130
872,Kimberly,Reynolds,kreynoldso7@acquirethisname.com,Female,250.186.193.180
873,Gregory,Young,gyoungo8@hubpages.com,Male,34.179.146.29
874,Denise,Wheeler,dwheelero9@alexa.com,Female,207.157.23.185
875,Philip,Sims,psimsoa@bbb.org,Male,143.162.233.212
876,Dorothy,Alvarez,dalvarezob@ihg.com,Female,232.27.238.160
877,Alan,Cunningham,acunninghamoc@java.com,Male,193.211.10.234
878,Mildred,Jones,mjonesod@merriam-webster.com,Female,53.88.158.78
879,Henry,Bennett,hbennettoe@clickbank.net,Male,12.60.5.33
880,Brenda,Harper,bharperof@state.gov,Female,31.201.201.227
881,Helen,Ross,hrossog@furl.net,Female,161.110.20.241
882,Louise,Hernandez,lhernandezoh@princeton.edu,Female,94.56.225.17
883,Dennis,Kelly,dkellyoi@wix.com,Male,201.221.24.76
884,James,Arnold,jarnoldoj@google.com.br,Male,219.89.176.38
885,Todd,Stone,tstoneok@reference.com,Male,210.120.133.48
886,Melissa,Garza,mgarzaol@un.org,Female,89.197.197.54
887,Maria,Holmes,mholmesom@bloglovin.com,Female,83.140.95.113
888,John,Bailey,jbaileyon@google.de,Male,5.14.85.82
889,Lillian,Hunt,lhuntoo@aboutads.info,Female,178.238.123.54
890,Michael,Mitchell,mmitchellop@samsung.com,Male,188.94.237.183
891,Tina,Murray,tmurrayoq@dropbox.com,Female,179.121.219.55
892,Kenneth,Fernandez,kfernandezor@ucoz.ru,Male,153.67.12.147
893,Jerry,Cruz,jcruzos@unicef.org,Male,231.194.90.226
894,Jimmy,Sanchez,jsanchezot@cpanel.net,Male,57.115.71.120
895,Lillian,Hanson,lhansonou@dmoz.org,Female,254.197.201.75
896,Randy,Fuller,rfullerov@epa.gov,Male,178.71.144.126
897,Benjamin,Austin,baustinow@jalbum.net,Male,8.247.185.217
898,Katherine,Gray,kgrayox@earthlink.net,Female,39.110.211.97
899,Sharon,Harrison,sharrisonoy@twitpic.com,Female,75.199.223.246
900,Sara,Hawkins,shawkinsoz@aboutads.info,Female,163.131.112.170
901,Amy,Gonzales,agonzalesp0@t-online.de,Female,142.241.138.0
902,Jeffrey,Duncan,jduncanp1@histats.com,Male,240.53.78.181
903,Joe,King,jkingp2@cisco.com,Male,16.105.37.158
904,Lillian,Rose,lrosep3@nhs.uk,Female,197.107.231.169
905,Nicholas,Harris,nharrisp4@simplemachines.org,Male,103.28.130.94
906,Joan,Richards,jrichardsp5@archive.org,Female,7.80.31.55
907,Anne,Chavez,achavezp6@shutterfly.com,Female,0.143.193.238
908,Eugene,Freeman,efreemanp7@github.com,Male,18.36.1.189
909,Nicholas,Griffin,ngriffinp8@drupal.org,Male,145.59.183.160
910,Mildred,Warren,mwarrenp9@github.com,Female,51.158.79.75
911,Jerry,Howell,jhowellpa@php.net,Male,255.191.59.156
912,Sara,Nelson,snelsonpb@simplemachines.org,Female,33.172.77.204
913,Janet,Larson,jlarsonpc@usatoday.com,Female,234.165.14.123
914,Nicholas,Gonzalez,ngonzalezpd@icq.com,Male,196.166.72.173
915,Ashley,Garcia,agarciape@twitter.com,Female,200.181.208.120
916,George,Wood,gwoodpf@theglobeandmail.com,Male,21.66.203.93
917,Margaret,Rose,mrosepg@intel.com,Female,111.168.203.64
918,Wanda,Black,wblackph@mapy.cz,Female,97.160.11.72
919,Amy,Anderson,aandersonpi@marriott.com,Female,222.231.210.123
920,Edward,Chavez,echavezpj@hugedomains.com,Male,70.81.201.53
921,Emily,White,ewhitepk@123-reg.co.uk,Female,45.164.233.223
922,Janice,Johnston,jjohnstonpl@goo.ne.jp,Female,21.155.166.114
923,Emily,Welch,ewelchpm@sitemeter.com,Female,122.104.219.37
924,Benjamin,Nichols,bnicholspn@symantec.com,Male,14.36.21.138
925,Ashley,Reynolds,areynoldspo@mozilla.com,Female,236.35.97.247
926,Jack,Tucker,jtuckerpp@artisteer.com,Male,96.152.223.26
927,Albert,Chavez,achavezpq@comcast.net,Male,199.160.71.247
928,Andrea,Kim,akimpr@baidu.com,Female,249.52.250.83
929,Rachel,Campbell,rcampbellps@hugedomains.com,Female,190.199.188.233
930,Laura,Thomas,lthomaspt@tinypic.com,Female,9.128.25.64
931,Anthony,Bishop,abishoppu@geocities.jp,Male,151.25.246.71
932,Robert,Riley,rrileypv@goodreads.com,Male,12.230.52.220
933,Anne,Sanders,asanderspw@wix.com,Female,186.248.30.218
934,Carol,Turner,cturnerpx@sfgate.com,Female,31.10.180.62
935,Jessica,Martin,jmartinpy@etsy.com,Female,24.249.101.157
936,Carlos,Thomas,cthomaspz@wix.com,Male,97.251.95.213
937,Joe,Harris,jharrisq0@mashable.com,Male,248.224.97.229
938,Joshua,Frazier,jfrazierq1@networkadvertising.org,Male,116.164.205.119
939,Gary,Hunter,ghunterq2@xinhuanet.com,Male,188.235.249.33
940,Brian,Alvarez,balvarezq3@bizjournals.com,Male,210.253.213.159
941,Antonio,Fernandez,afernandezq4@yolasite.com,Male,96.152.215.199
942,Craig,Taylor,ctaylorq5@mashable.com,Male,2.64.11.30
943,Ronald,Davis,rdavisq6@engadget.com,Male,239.251.132.126
944,Thomas,Carr,tcarrq7@homestead.com,Male,53.183.16.238
945,Roy,Hunt,rhuntq8@tamu.edu,Male,124.115.222.98
946,Kathryn,Evans,kevansq9@wp.com,Female,80.203.9.246
947,Steve,Andrews,sandrewsqa@arstechnica.com,Male,208.114.245.235
948,Shawn,Mcdonald,smcdonaldqb@liveinternet.ru,Male,113.55.125.16
949,Todd,Howard,thowardqc@a8.net,Male,30.156.85.137
950,Karen,Burns,kburnsqd@over-blog.com,Female,29.202.252.25
951,Aaron,Watson,awatsonqe@youtu.be,Male,18.206.188.247
952,Craig,Gonzalez,cgonzalezqf@privacy.gov.au,Male,205.178.6.205
953,Randy,Martin,rmartinqg@twitpic.com,Male,213.50.199.172
954,Sara,Rogers,srogersqh@discuz.net,Female,61.34.58.203
955,Sean,Reynolds,sreynoldsqi@ted.com,Male,31.53.161.3
956,Patricia,Garza,pgarzaqj@chron.com,Female,69.180.171.142
957,Alice,Cox,acoxqk@amazon.de,Female,43.201.50.42
958,Scott,Gilbert,sgilbertql@symantec.com,Male,25.110.75.195
959,Shawn,Evans,sevansqm@bravesites.com,Male,181.141.73.71
960,Jimmy,Simmons,jsimmonsqn@bbb.org,Male,56.19.179.108
961,Christine,Lawson,clawsonqo@guardian.co.uk,Female,114.125.119.130
962,Anthony,Perry,aperryqp@businessweek.com,Male,158.210.66.210
963,Jeffrey,Murphy,jmurphyqq@epa.gov,Male,109.124.200.11
964,Patricia,Day,pdayqr@devhub.com,Female,190.230.177.2
965,Louis,Hunt,lhuntqs@cdbaby.com,Male,2.207.153.179
966,Virginia,Burton,vburtonqt@networkadvertising.org,Female,34.168.73.67
967,Brenda,Willis,bwillisqu@unesco.org,Female,79.147.175.206
968,Anne,Bryant,abryantqv@t.co,Female,23.223.144.253
969,Scott,Perkins,sperkinsqw@alibaba.com,Male,135.84.125.114
970,Brian,Gardner,bgardnerqx@mlb.com,Male,188.69.54.89
971,Sandra,Cox,scoxqy@webmd.com,Female,217.117.5.169
972,Jacqueline,Thomas,jthomasqz@nationalgeographic.com,Female,34.139.1.93
973,Ryan,Black,rblackr0@shareasale.com,Male,79.245.199.134
974,Benjamin,Mason,bmasonr1@utexas.edu,Male,183.113.47.246
975,Kathy,Cook,kcookr2@wunderground.com,Female,134.169.70.187
976,Mark,Dunn,mdunnr3@ehow.com,Male,10.122.180.37
977,Norma,Wood,nwoodr4@samsung.com,Female,9.25.94.27
978,Rose,Day,rdayr5@globo.com,Female,92.188.62.201
979,Marilyn,Price,mpricer6@miitbeian.gov.cn,Female,206.119.147.63
980,Christina,Willis,cwillisr7@google.com.br,Female,153.244.138.96
981,Louise,Hunt,lhuntr8@springer.com,Female,174.5.158.124
982,Michelle,Gordon,mgordonr9@globo.com,Female,16.86.90.172
983,Richard,Marshall,rmarshallra@1und1.de,Male,183.39.17.90
984,Angela,Berry,aberryrb@netlog.com,Female,81.158.101.179
985,Debra,Diaz,ddiazrc@wired.com,Female,59.165.157.240
986,Ernest,Green,egreenrd@army.mil,Male,181.56.219.134
987,Marilyn,Fox,mfoxre@tamu.edu,Female,96.240.24.78
988,Jeffrey,Bradley,jbradleyrf@cocolog-nifty.com,Male,139.76.171.197
989,Catherine,Roberts,crobertsrg@quantcast.com,Female,248.109.117.246
990,Rebecca,Tucker,rtuckerrh@hao123.com,Female,190.115.27.238
991,Marie,Lewis,mlewisri@networksolutions.com,Female,12.75.158.122
992,Benjamin,Edwards,bedwardsrj@epa.gov,Male,28.128.207.247
993,Thomas,Martinez,tmartinezrk@umich.edu,Male,235.247.144.247
994,Anna,Owens,aowensrl@hhs.gov,Female,69.188.5.102
995,Anna,Kim,akimrm@discuz.net,Female,39.142.28.88
996,Julie,Montgomery,jmontgomeryrn@chron.com,Female,126.238.245.112
997,Henry,Robinson,hrobinsonro@bloomberg.com,Male,255.14.200.227
998,Gloria,Martinez,gmartinezrp@vk.com,Female,250.71.12.70
999,Linda,Stewart,lstewartrq@tumblr.com,Female,249.86.248.31
1000,Lillian,Ortiz,lortizrr@mayoclinic.com,Female,143.126.31.28
